ID,Name,Count
3213312,teamcoding,1
14489602,Kemetic-Mystery-School-UK,1
19719039,Self-Development-A-Practical-Approach,1
13129732,funandunusualeventsinlondon,2
841735,Londonjavacommunity,3
22335498,Autonomous-Tech-Fetish,1
20381707,APIs-more,1
19337228,Silicon-Canal-Newbury-Meetup,1
1423374,gluglondon,1
19144720,Black-ladies-of-London,1
22530392,Understanding-JavaScript,2
2934802,London-Film-Network,1
19187250,CanadaBitcoin,1
18509845,Mobile-Health-Meetup,2
18581527,data-visual-London,5
19927044,https-www-facebook-com-Manorhousespeakers,1
20070426,london-twitter-developer-community,1
7112732,London-Fashion-MeetUp-Group,1
22312282,London-Artificial-Intelligence-Deep-Learning,7
7157792,Mandarin-Quarter,1
20080673,UK-Cloud-Infrastructure-User-Group,1
19816483,Startups-and-Makers-Week,2
163876,londonweb,1
18346024,Design-Disrupt-Do,1
18556970,N-O-M-A-N-London,1
24016941,Guided-Meditation-Rest-and-Relaxation-for-Women,1
18438190,London-Startup-Marketing,1
18366511,Terrible-football-in-London,1
20547632,London-Christian-Professionals-Virtual-Meetup,1
22286385,London-Artificial-Intelligence-Blockchain-Meetup,4
23361586,Ownage-io-Blockchain-Asset-Game-Design-Hackathon,1
23072819,London-Fashion-Technology-Meetup,1
18706484,Mandarin-x-Englsih-Lannguage-Exchange,1
15169592,IEEE-Robotics-and-Automation-Society,1
22339252,codepod,1
20275260,DevOps-University-London,2
1435784,thalesians,1
4630592,Afrobeats-Fans-in-London,2
20183106,Lazy-20s-Events,1
1675332,Mobile-payments,1
19895990,London-Javascript,2
55367,London-International,1
18453194,Practical-Philosophy-in-Central-London,1
22896718,WeR-stats,3
18552912,London-Supper-Clubs,1
22364242,London-LGBT-Yoga,1
23701587,Upstream-Hammersmith-Fulham-tech-creative-network,1
1579022,HappyHealthyWomenCanada,1
3926102,DataforGood,1
1312856,London-Historical-Fiction-Book-Group,1
19590500,New-to-the-UK-London,4
23802098,News-UK-Technology-Events,1
18313232,Kubernetes-London,2
18438243,The-Victoria-Park-French-Bulldog-Meet-Up-Group,1
20235472,entdevops,1
15627622,COMPLIMENTARY-3-MONTHS-FOREX-TRADING-PROGRAM,1
12851302,Toronto-Ember-JS-Meetup,1
19811345,DR-DRinks-Meetup-London,1
18958440,The-Afropolitan-Elite,1
20055740,Blockchain-Startups-London,2
19978347,Super-Retro-Gamer,1
21781522,Weave-User-Group,1
23390318,London-SmarTech-Society-Discussion-Group,1
57457,ExpatsParis,1
8020082,CityEntrepreneursOne,1
1825811,researchthing,1
6648532,BAMEentrepreneurs,1
18507752,Spiritual-Vibes,1
15601782,Professionals-and-startups,1
19530431,UK-BASD,1
1765501,Interesting-Talks-London,2
20160639,London-Healthcare-Leaders-Forum,1
19937409,Wimbledon-Supper-Club,1
8118552,techxperts,1
18202758,Off-The-Street,1
20084871,Saturday-Startup-London,1
17657992,Big-Data-Paris,1
20047212,Code-for-Humans,1
4501642,Data-Science-Business-Analytics,1
18956427,Biotech-Innovation-Club,1
15749262,Cpp-London-Developers,1
284815,moviemeetup,1
21258384,Africans-In-AI,50
24457363,SLUX-South-London-UX-UI-Meetup,1
1546389,londonmandarinlearners,1
23603351,the-talent-io-club,1
11972762,Med-Tech-Campus,1
20474223,LONDONDATAVISION,1
23159650,Machine-Gurus-The-Big-Data-Meet-Up,1
19896005,The-Intrapreneurs-Truly-innovators-from-within,1
1677477,Canberra-R-Users-Group,1
20705447,magic-leap-london,1
6088872,ChinaBusinessEvents,1
18657450,Fun-and-Unusual-Wellbeing-Events,1
5509292,BuenaVistaStartupClub,1
1775789,TEDxToronto,1
18235566,Hands-on-Big-data-science-workshop,3
20136111,learn-to-code-berkshire,1
12103862,Society-of-Data-Miners,7
19108025,TensorFlow-New-York,1
11309242,London-Julia-User-Group,1
22896828,Gourmet-Burger-Lovers-30-45-Year-Olds,1
1353917,SocialTorontoEvents,1
20344672,Agile-London,1
13396162,Paris-New-Tech,1
24602819,London-Digital-Imaging-and-Processing-Group,1
20275397,Science-has-no-Borders,1
5003462,London-Growth-Hackers,1
17375432,GTA-Social-Impact-SROI-Meetup,1
22570700,Create-professional-video-content-on-a-smartphone,1
1792202,Entrepreneurs-Club,1
1837261,MachineIntelligence,1
18198734,Start-ups-pitch-and-New-Connections,8
18747940,New-Cool-Friends,1
20889808,IoTblockchain,1
19726545,Hyperledger-London,3
23764888,Neurons-AI-UK-Cambridge,1
18564131,London-Fashion-and-Beauty-Meetup,1
24477396,self-made-marketer,1
19089624,Data-Plus-Women,4
11495642,Parisian-Secret-Cocktail-Club,1
18385615,Barcelona-International-Meeting,1
10023132,F-Film-French,1
1749213,FreeLondonEvents,1
18979039,South-England-Natural-Language-Processing-Meetup,3
21795040,meetup-group-SwyKxWXR,1
16490722,Advanced-Data-Visualization-London,1
18452708,Canary-Wharf-Chinese-Language-Exchange,1
1954021,graphdb-london,7
4636902,Restarters-London,1
19968380,International-Association-of-Software-Architects,1
19998954,synbio-london,2
19837163,Legal-Hack-Toronto,1
21291979,Big-Data-and-Machine-Learning-London,2
23217533,fittprofile,1
19985376,Elite-Parties-London,1
19892465,Canary-Wharfers,1
16916722,Eurostaff-Big-Data,4
20986099,NodeJS-Developers-in-Startups,1
19040500,NodeWorkshops,1
20049114,London-Nuts-Volt-Time-Metrology,1
18276601,Crowdfunding-for-Artists,1
14005822,Cognitive-Computing-Enthusiasts,1
20000968,AngularZone,2
17963262,I-love-3D-London,1
21311743,FREE-Conversational-English-Club,1
18776320,LondonAppBrewery,4
15981952,TechCityCoffee,4
22950147,Cryptocurrency-Influencer,1
17336582,The-Prometheus-Trust,1
6166792,Women-in-Data,5
22808841,Hack-Chill,1
22229258,One-Thousand-and-One-Nights-Out,1
19130635,datafoundry,2
12205442,fintech-for-good,1
12060942,ethereum,3
295185,londonphilosophers,1
9474322,BFPLondon,1
9394452,SmartMusicians,1
22305048,Linnworks-eBay-Amazon-Beyond,2
20484379,London-AR-AI-Meetup,2
4514522,Augmenting-Reality,6
18643230,BFI-Shop-Video-Club,1
21562757,Secret-Foodies-London,1
19083047,Cocoon-Tech-Creative-Start-ups-Professionals-Meetup,2
20580642,Game-AI-Meetup-GAIM-of-London,4
19628323,Coding-Hour-London-After-work-drinks-for-developers,2
8659242,the-london-film-photo-documentary-group,1
18918791,london-tech-startups,2
19077422,lovesinging,1
18934063,Digihealthiest,1
23191944,AIGLondonDataScienceMeetup,1
18563378,LuxuryFashionClub,1
18592055,Advanced-Spark-and-TensorFlow-Meetup-London,6
18725178,London-Startup-Pitching-Networking,3
16811902,AdTech-Meetup-London,2
20738365,AI-Showcase,1
1562942,london-scala,1
18407743,import-io-users-group,3
19294529,Coed-Code,1
4884802,raspberryjam,2
20226373,Bots-AI-Messaging-Meetup,5
20552008,Big-Data-Hadoop-Ingest-Transform-Apex-London-Online,4
22567308,The-Alan-Turing-Institute-Meetup,2
19624268,London-Data-Governance-Meetup,2
18898658,Codecademy-London,2
4062902,London-Emberjs-User-Group,1
7551312,HealthTechnologyForum-London,2
17936722,GrowthEnabler,1
19836643,FinTech-Users-Customers-FinTech-Services-UX-Paris,1
919892,javascript-3,1
2621782,CodeCollective,1
20300119,meetup-group-FSgTXMvo,1
3248472,Alternative-nightlife,2
22880602,Polyglot-Full-Stack-Developers,2
19118427,Kaleido-LDN,3
18549700,London-Startup-Saturdays,1
20350010,Campfire-Choir,1
23779679,London-Senior-Technology-Leaders-Meetup,2
19548515,London-Machine-Learning-Study-Group,6
2722152,aperoChic,1
11284842,Lean-Coffee-London,1
23310699,Black-Start-up-Meet-up,2
19569005,Data-Science-for-Internet-of-Things-Meetup-London,7
16613742,Virtual-IoT,1
19849583,Linuxing-In-London,1
18252144,NEUROSCIENCE-LONDON,2
1309416,drinksandlinks,1
14078322,London-Business-Analytics-Group,9
18968947,Internationals-in-Munchen,1
18510196,COINPLUS-Bitcoin-and-Blockchain,1
15313272,Fullstack-js-London,3
18231673,Jumpingwithus,1
2886012,American-Sports-Club-London,1
20676990,London-Startup-Entrepreneurs-Network,1
20767125,Ecommerce-Accelerated,1
20081998,West-London-Coders,1
22185824,mentors-mentees,1
6199682,tech-collective,2
18588035,sqlsupperlondon,1
16424342,Fashion-Start-ups-Entrepreneurs,1
5958022,Hipsters-Hackers-Hustlers,3
18660042,Neurons-AI-UK-London,8
18592138,Stack-Overflow-Meetups,1
10183052,Nerd-Nite-London-learn-interesting-stuff-while-drinking,2
8339522,Paris-Machine-learning-applications-group,1
2945102,Data-Visualisation-with-Tableau,1
23255442,Data-Scienziati-of-London,2
2236821,Ladies-of-Code-UK,1
1672102,HNLondon,2
19790232,Bicycle-day-trips-near-London,1
4473242,DevTOEvents,1
20160923,SnackandHack,2
18698652,Agile-Data-London-Meetup,2
1606498,AsianMovies,1
18684318,Intel-Developers-London,1
17527352,GOTO-Nights-London-UK,2
14690722,Mi-Spanish-for-your-English-TORONTO-Meetup-Group,1
233891,londonblack,2
23519652,Coding-challenge-meetup,1
1501605,grad-dc,1
23228841,Longidi-Events,1
18405804,VR-AR-MR-Immersive-London,3
22256046,YENA-Reading,1
19224989,Paris-Machine-Learning-Reading-Group,1
14044232,Beijing-3D-Modeling-Cloud-Development-Technology-Meetup,1
20310450,Hack-Brexit,2
3783092,KaraOKulta,1
430517,brunchclub-135,1
17035702,London-3D-Computer-Vision-Sensing,1
22485431,Croydon-Facebook-Meetup,1
18356664,Digital,7
18469305,SustainableDevelopmentCommunity,1
20270495,Competitive-Intelligence-London,1
20709821,London-Online-Business-Startup,1
3701182,Spring-of-Code,1
1575360,existentialists,1
19812801,Artificial-Intelligence-Deep-Learning-Enthusiasts-Meetup,1
12820932,full-stack-to,1
18654966,London-Kaggle-Meetup,9
2097611,Startups-Investors-London,2
7473612,London-GameDev-Lunch,3
19474893,rladies-london,2
1724878,London-Web-Performance-Group,1
19089872,Lean-Product-Delivery,1
19507666,London-Machine-Learning-Practice-Meetup,8
18706900,London-ODSC,9
21135438,ChineseMarketing,1
20361686,Data-Science-Foundation-London,1
19331544,gdgcloud,3
14768602,cityrunningclub,1
1671648,torontojs,1
23212513,Backdoor-London,1
20244964,Tech-Breakfast-London,1
19499493,Makers-Academy-Alumni,1
3752422,Financial-Engineers-Quants-London,2
1640936,halfstack,1
63977,frenchmeetup,1
17611242,ShoreditchJS,1
22484733,WebVR-Meetup-Group,1
10625522,london-creative-coding,6
20208115,Blockchain-SmartContract-Innovators,2
18895349,fridayfintechbreakfast,1
12630522,drivenbydata-Meet-up,1
21574355,Raw-Green-Superfood-Living,1
18416125,Service-Lab-London,1
19994709,Science-in-Social-Settings-London,1
18363136,South-London-Tech-Meetups,3
19495426,Toronto-Digital-Currency-Compliance-Meetup,1
18326019,brixtonbc,1
17412612,AfricaTechLondon,6
18924037,KickStartUp-Club-London,1
21508614,Virtual-Augmented-Mixed-Reality-London,2
20371201,NixOS-London,1
24547848,ICO-Meetup-London,1
4425132,uxtoronto,1
7393802,tripmeeters-paris,1
1798667,Developers-Entrepreneurs,6
14064142,PyData-London-Meetup,10
12111152,AgileConnexions,1
18496017,London-ALM-And-DevOps-Meetup,1
20300306,South-East-London-Startups,1
23441940,Cambridge-Rust-Meetup,1
21989911,Luxury-fashion-networking,1
5407492,decentral_ca,1
11854362,Women-Who-Code-London,3
13320732,PyLadiesLondon,2
14354522,London-PaaS-Bluemix-Meetup,1
1804831,London-Unity-Usergroup,4
20328992,Cambridge-Fintech-Network,1
1161763,LondonEntrepreneursNetwork,6
10349092,Bored-in-London,1
1114381,london-nosql-mysql,1
17833522,BOND-T4D,1
18508329,FintechTuesday,2
12364332,FinTech-Startups,1
18956845,Pencil-Web-Development-Training,1
1518344,search-london,1
22411826,Open-Source-Cassandra,1
20185243,AfriCine-Films-Nollyfest-Film-Club,1
14588472,InsuranceTech,1
1815097,sing-in-london-UK,1
20904506,London-School-of-Entrepreneurs,2
21301821,Birkbeck-Outreach-Events,1
1768000,YoungProfessionalsinLondon,3
1131075,ukentrepreneurs,1
9114182,Nodejs-Paris,1
20214881,Big-Data-Next-Gen-Hadoop-Ingest-Transform-London,5
18866760,West-London-JavaScript-Meetup,1
19980873,BlockchainCanada,1
11926092,London-Black-French-Speakers,1
21752397,pointlondon,2
2466382,gdg-paris,1
2652752,London-Game-Developers,3
7504312,Go-London-User-Group,1
4201042,London-Investors-Entrepreneurs,3
18657875,Applied-Deep-Learning-Meetup,6
19232526,Alfresco-Meetups-for-Government,1
15841882,Geek-Girls-Carrots-UK,1
21035612,Global-South-Tech-Meetup-London,3
19040861,Apache-Kafka-London,1
23159324,After-work-Drinks-Lets-shake-it-off,1
19811429,London-Karaoke-Singing-Meetup,1
19839585,Connected-Data-London,3
3269222,LonData,1
18934376,AppliedAI,11
18487913,Nigerian-Masterminds,1
19040874,Challenge-Big-Data-Hosted-by-Pentaho,2
1736466,LondonPython,11
18604477,SEO-London-Networking-Internet-Marketing,1
18252400,Shy-Girls-London,1
5698162,Startup-Metrics-Toronto,1
1839731,Good-food-good-wine-good-friends-and-good-times,1
19040886,Data-Data-Data,2
18505833,Toronto-Hack-and-Tell,1
374207,Business-Networking-and-Growth,3
3478142,BigDataIWMT,2
1794687,Startup-Pitch-Night-London,1
4051392,socentlondon,1
1820779,London-Web-Analytics-Google-Analytics-OmnitureMVT,1
18434692,Non-Disclosure-NDA-and-Non-compete-Agreement-Discussions,1
20814614,meetup-group-qWwkpwdV,1
18211462,crowdtouching,3
2065031,Data-Mining,1
1759946,Big-Data-for-Business,1
19679882,Advance-in-your-career-Udacity-London-Meetup,4
5857932,big-o-london,2
21977743,London-Beginner-Guitar-Lessons,1
18037392,London-Open-Data-Missions,2
20325144,Beer-Driven-Development,1
6662802,London-Weekly-Python-and-Django-Coding-Session,1
19831444,Heart-Intelligence-London,1
19851925,africans-give-back,1
2894492,London-Machine-Learning-Meetup,11
18825888,UK-USA-Black-Connection,1
18451107,Innovation-Asset-Management-Meetup,1
14353062,London-Get-More-From-Data,2
20334705,Rise-London-FinTech,1
19227306,Be-a-Charming-Woman-London,1
22805163,Melon-Meetup,2
18606194,Dis-Functional,1
19485358,London-Computer-Security-Meetup,1
22981297,Robotic-Process-Automation-RPA-Meetup,1
23438002,Narrative-Eye-Black-British-History-Meetup,1
22229683,London-Workshops,1
18594487,The-London-Brazilian-Portuguese-Meetup-Group,1
23605949,Businesses-Going-Digital-London,1
20945598,London-Analytics,1
18555583,The-playhubs-game-developer-meetup,2
19937984,Learn-to-build-a-website-with-HTML-CSS,1
12983072,Startups-Entrepreneurs-and-Investors,3
18516675,London-Hedge-Fund-Startups,1
20394472,Dataiku-London-Meetup-Group,4
20189985,Tiny-Tableau-Talks,2
18153932,AntiSocialLondon,1
9781962,london-compsec,1
18764491,FintechforHumans,1
17105612,South-East-Geek-London,1
20345549,datasciencespeakers,2
18856397,Financial-Modeling-Quants-Bankers-and-Analysts,2
6439632,BusinessesNetwork,2
18952913,Hardware-Academy-by-Hardware-Startup-IO,2
18399955,Cryptovest-FS-Bitcoin-Bootcamp-and-Investment-Club,2
7217372,LondonMahoganyMeetup,1
349646,London-Canadian-Expat,1
4893402,blackqualityfriendshipsandrelationships,1
4967132,coinscrum,2
18533088,mojuba,1
3930852,Find-A-tech-Job-In-London,4
4557542,Angular-London,1
20488935,Data-Science-to-Startup,5
23032552,Entrepreneurs-Investors-Pitching-Event,1
1581802,the-london-lean-startup-group,1
24599275,Meetup-Customer-Service-Technology-London,1
7770862,Big-Data-Developers-in-Mexico-City,1
19911171,humanisingtech,2
19714856,API-Strategy-Tactics-London,1
3289842,IMTLondon,2
18263507,Ionic-UK,1
19636980,Virtual-Reality-Business,2
21646070,Women-in-Technology-Digital-London,1
19501816,JavaScript-London,2
19270394,Crypto-Valley-Forum,1
22618239,North-London-Football-and-Social,1
473853,WorldMusicMeetup,1
18791166,Digital-Inclusion-Network,2
21492480,London-Monthly-Web-Hackathon,2
23800875,HackTank,1
7863042,SiliconValleyVirtualReality,1
18436868,OneHealthTechUK,1
4509142,Startup-Grind-Shanghai,1
17095432,Paris-La-Culture-Francaise-Meetup,1
23024428,DevOps-Breakfast-Club,1
7975692,DataKind-UK,5
22827789,Croydon-Business-Planning-Meetup,1
19147536,Haywards-Heath-ROS-AGI-Makers,2
23878417,Mobile-Web-App-Development-Meetup,1
23159572,BI-Planning-4-0,2
18750230,Internet-of-Things-Innovators-UK,2
22258455,Espresso-Martini-Accenture-Class-of-2017-Pitch-Night,2
3257112,Toronto-Nature-Lovers,1
9505562,Big-Data-Developers-in-Toronto,1
18748189,LondonAI,1
18742048,Data-Scientist,4
18512688,London-Salsa-Meetup-learn-how-to-dance-salsa-in-london,1
8448802,public-speaking-presentation,2
23182115,Big-Data-and-Data-Analytics-London,1
22463622,cryptofocus,1
15981352,Data-Science-Business-Analytics-London-Meetup,1
4474342,London-Systematic-Traders,1
8088362,Raspberry-Pint-London,1
2130731,International-Entrepreneurs-Investors,1
18862892,london-virtual-reality,2
19878701,sandbot,2
4520752,Start-up-Business-Angels-Entrepreneurs-groups,3
3255432,Students2Startups,1
24181557,Data-Science-Technologies,1
20134293,DAO-TLV,1
2175801,swl-stargazers,1
20144539,Hitherto,1
3971352,eatnmingle,1
22258495,BitFriendly,1
19190592,BioChanges,1
1732064,TorontoBusinessandSocialNetwork,1
1506114,LondonToastmasters,2
17087602,building-digital-tribes,1
18238278,Nubian-Nights-Out,1
18474292,Cambridge-Spark,1
21072712,meetup-group-zEHlMlWu,1
1686346,HacksHackersLondon,4
19807054,UX-Playground-The-User-Experience-Meetup-for-Londoners,2
19735377,AI-Month-UK,3
19880786,Healthcare-Businesswomens-Association-UK-chapter,1
20063059,Blockchain-Startups-Israel,1
6984532,ACCULondon,3
3761952,EAST-AFRICAN-LONDON,1
16745302,The-Business-of-IOT,2
19506007,Ethereum-Developers,1
18370158,hackameetup,1
4629342,promenades-et-randonnees,1
22952421,XAURUM-blockchain,1
20609890,Mixed-Reality-London,2
19827556,London-Aerial-Relaxation-Pods,1
3440102,Data-Visualization-London,3
7678822,FintechTO,1
18864999,London-Data-Visualization,2
16743272,Coaching-Exchange,1
1411945,InvestorsandStartups,1
23401323,Discover-cultures-of-World,1
12502162,London-Substance-Texturing-Artists,1
19563374,React-London-Bring-Your-Own-Project,1
21967336,Secret-London-Talks,1
21574514,Train-The-Trader,1
1866611,debatesinlondon,1
22021080,graphs,2
19301237,London-Ethereum-Socials,1
1755625,allfilmmakers,1
23038840,London-Elixir-coding-dojos,1
23257977,Data-Science-Insight-Series,1
23059322,Onecoin-E-commerce-platform,1
18836287,London-FinTech-Meetup,1
18979708,London-Cyber-Security-Meetup,1
8307582,CitizenInventor,1
20039829,Expedia-London,2
19923840,Access-Silicon-Valley-London,2
23821185,The-Virtual_London,1
10288002,virtualJUG,1
8382432,expandingcircles,1
15061512,London-Education-Technology-Start-ups,1
23587720,Artificial-Intelligence-and-the-gambling-tech-sector-meetup,2
20106122,Eurostaff-Connect-Stockholm,1
17068942,Open-Data-London,1
20177807,Renewable-Energy-UK,1
209815,TO-frenchmeetup,1
22813592,BlockchainGlobal,1
18476818,Web-Analytics-Wednesday-London,3
19880859,Data-Science-Festival-London,12
16637082,Black-Entrepreneurs-Network,1
20278175,Intellectual-Property-Business,1
20923200,Enterprise-Artificial-Intelligence-AI-Lab,1
1309601,startups-london,1
18267043,Robotics-London,2
6443942,HPC-GPU-Supercomputing-Group-of-London,2
19452846,Young-Singles-Socials-Getaways-and-Speed-Dates,1
16812872,stand-up-talk-agile,1
18545586,vrlondon,3
19593715,UN-Influx,1
6984632,YoungLondoners,1
18432159,Venture-Hack-Network,1
22412886,London-Learn-Ruby-on-Rails,1
18339064,Oxford-African-Diaspora-Expat-Repat-Meetup,1
22320062,Blockchain-Workshop-for-Developers,1
19647424,Disruptive-Startups-Entrepreneurs,4
18674626,London-Data-Science-Journal-Club,5
18580419,Screens-Content-Augmented-and-Virtual-Reality-Meetup,3
18539460,Deep-Learning-Toronto-Meetup,1
18450132,London-Fintech-Marketing-Meetup-184606429kJgbYYNQ,1
1733576,londonprojectproductions2011,1
17867722,Woking-Guildford-40s-Singles,1
1729483,leancoffeeto,1
14574542,London-Bayesian-network-Meetup-Group,5
1817408,The-London-Educational-Games-Meetup-Group,1
19911635,ThinkBigAnalytics,1
17546062,Angular-London-BYOP,2
19768279,Artificial-Intelligence-Meetup-London,4
19721176,Le-Wagon-London-Coding-School,2
22746075,Web-XR,2
17980922,JUCE-Meetup,1
18133982,UX-for-Change,1
18877407,DataTech,7
20050912,Enterprise-Blockchain,2
23140176,Women-in-Engineering-Meetup-Facebook,1
23208930,Copy-Trading,1
1692643,london-software-craftsmanship,2
15170532,ReactTO,1
19139557,AWS-High-Performance-Computing-HPC-London-Meet-Up,2
20304876,London-Modern-Excel-Meetup,2
19752824,RapidMiner-Users-Community-Paris,1
20638710,meetup-group-ZovapbUW,1
19682295,Virtual-and-Augmented-Reality-for-Sports,1
340986,leedswalkinggroup,1
21759181,Self-Help-Philosophy-Personal-Development-Consciousness,1
16177322,London-Jess-Robbins-NLP-Practice-Group,1
21085182,Panel-What-makes-Smart-Contracts-so-Smart,1
20227071,Women-in-Java,1
1045504,mandarinlearners,1
18570244,Lagos-DataScience-Group,1
3760982,IOToronto,1
12391432,Wearables-London,4
19607724,London-Interactive-Music-Meetup,1
11932682,London-modular-synthesis-group,1
18427735,FREE-Internet-Marketing-Business-Workshop,1
6753292,Singularity-University-UK-London,1
19076109,Student-Robotics-in-London,2
10996752,julia-cajun,1
20389720,London-TensorFlow-Meetup,3
4925652,Cambridge-Internet-of-Things,1
22729747,London-Blockchain-Freelancers,2
21124117,London-WebVR-Meetup,3
19104790,MoJo-London,1
6240772,Python-Toronto,1
22956207,London-Sports-Analytics-Meetup,2
19178419,London-Jaspersoft-BI-Community-User-Group,1
12608542,Fashionista-Social-Club,1
19047456,Interracial-mix-and-mingle,1
1661987,The-Black-of-Clubs,1
7269412,naturalB,1
17383942,London-Medical-Technology-Entrepreneurs,1
11625512,Wearable-Wednesday-Toronto,1
23030245,London-Machine-Intelligence-Quants-Meetup,3
21268835,Dyslexic-and-Dyspraxic-Champions,1
22818653,Women-in-Kaggle,2
20245210,Convergence-where-tech-meets,2
4561972,londonmotion,1
23268408,Beating-Humans-in-Cognition,3
19549241,SW-London-Haskell,1
18244666,London-Venture-Capital-Angel-meetup,2
20581437,Investors-in-VR,2
16122942,Forward-Partners-Live-Tech-Startup-Speakers-Events,1
261183,londonphotographic,1
19125312,Crowdfunding-Accelerators-Investment-London,3
20617056,London-Museum-of-Happiness-Meetup-Group,1
1594214,FSharpLondon,1
19309151,NeuroTechLDN,1
19641415,fintechmaximisers,1
20069448,vr-film,1
16023052,Tech-Chess,1
19807308,amazonappdev,1
11975522,SHORTS-ON-TAP,1
218194,phplondon,2
23175694,The-Copyright-Hub,1
22148317,Grosvenor-Networking,1
14061362,Big-Data-Behavioral-Analytics-London,3
20175967,London-Startup-Founders,1
16598112,Korea-Meetup,1
19317857,London-Startup-Idea-to-IPO,1
9923682,Data-Analytics-Innovation-Entrepreneurship,3
21218491,GovTech,1
20345956,Open-Innovation-Society,1
3516262,Bikers-Delight-Fun-cycle-tours,1
4331892,frog-valley,1
9532522,Docker-London,1
21599342,START-UP-LOVERS,1
7992432,centre-culturel-aft-com,1
13227122,Google-Cloud-Platform-App-Engine-Compute-Engine-BigQuery,2
18445427,Startup-Entrepreneurs-Angels-and-Mentors,1
3183732,Data-Science-London,9
21818486,amazic,1
19147625,The-Dailies-UK,1
18754680,London-Scrum-Meetup,1
22652025,Panel-Discussion-Networking-Events-for-Black-Professionals,2
22496378,The-JS-Roundabout,1
20581500,London-Blockchain-Ethereum,1
16219262,London-Dev-Community,2
18461823,49-spadina-techs-connect,1
6787822,London-Artificial-Intelligence-Futurists,7
22353028,Jae-Yeon-Kim,1
18594949,NextMoneyLDN,1
9581702,General-Assembly-Meetup,4
18989998,Dsantos-Dance-UK-Salsa-Kizomba-Bachata-Club,1
255112,indielondon,1
19764361,Women-in-Technology-Network,1
3648652,BigData-Debate,2
18464962,ReactJS-Paris,1
19439059,Ealing-Maths-Science-Study-Group,1
22663021,theislandretreat,1
3040402,We-Shoot-People-Street-Photography,1
23008406,Art-Fans-in-London,1
22060185,The-DevSecOps-Think-Tank,1
6315162,Predictive-Analytics-London-Meetup,4
7115932,Big-Data-Silicon-Valley,1
11470362,build-business-networking-london,1
1594526,LondonR,7
20214945,Apex-Users-Group-London,1
19751434,extra-language,1
22157004,The-100-Startup-London,1
21800102,Artificial-Intelligence-London,2
21755048,fintechbunker,1
21789212,Byte-Academy-FinTech-Python-Blockchain-Education,2
20675755,AFlondon,1
7439532,Reading-Cassandra-Users,1
21530482,London-Marketing-Technology-Group,1
18714141,London-Streams,1
23256241,meetup-group-rRcAwYaO,1
11398322,papers-we-love,1
21664949,FinTechEcosystem-London,1
20212173,London-Data-Visualisation-Meetup,1
22109371,Science-Entrepreneur-Club,1
22387232,LogiAnalytics-User-Group,2
20352196,SheCanCodeLDN,1
21693637,DEVUX-mashup,2
13958342,Python-for-Quant-Finance-London,5
20235464,AndHack,2
1350857,skillsmatter,2
18408311,London-Live-Black-Music-Gigs-Concert-Meetup,1
18535628,London-Cambridge-Spark,5
10070012,NodeBots-of-London,1
22568907,London-Retail-Technology-Meetup,1
19826893,Luton-Web-Development-Meetup,1
22660304,London-Alternative-Investment-Meetup,1
20180856,VRTuesday,1
23538308,Inspiring-Women-in-Technology,1
1763875,HackerNest,1
18618198,Igbo-Singles,1
19723478,ModernAfro,2
18676952,Espresso-Martini-Fintech-Innovation-Meetup,1
19803353,london-ethereum-codeup,1
13722842,Spark-London,3
1017051,travel-1067,1
19743964,London-Conscious-Design-Engineering-Meetup,1
20237533,Touch-Surgery,1
18717919,software-circus-LDN,1
22213857,Computer-Science-Noobs,2
19303654,London-Algorithmic-Trading,5
19219687,Banking-and-Fintech-APIs-Meetup,1
19115240,London-Spark-Coding-Dojo,3
18788220,London-singles-travel-club,1
6980842,Paris-Live-Music-Addicts-Club,1
23782951,London-Automated-Decision-Intelligence-Meetup,1
19688685,Business-Funding-Workshops,1
18537728,French-conversation-advanced-level,1
9516272,Big-Data-Developers-in-London,15
18445553,Meetup-Mashup-London,1
19339436,London-Engineers-Artists-Meetup,1
18552053,YouHadOneFinTechJob,1
18523382,Black-Entrepreneurs-changing-the-game-in-London,2
3554552,UK-Hackathons-and-Jams,7
21307604,speakyourtruth,1
20297994,CyberSecurity-Talks,1
23721211,Blockgeeks-Blockchain-Developers,1
18738286,Massive-Small,1
7535872,Growth-Hacking-Toronto,1
4312322,islington-london-communicators-toastmasters,1
1651926,UK-Higher-Performance-Computing,1
251143,asiancanadian-18,1
19843266,Paris-Bots-Meetup,1
24112684,meetup-group-iTtPpPjk,1
18769163,Reading-Football,1
19200386,Fintech-Business-Development,1
17681682,fablablondon,1
21845267,London-African-Supper-Club,1
24583444,The-Blockhchain-and-the-gambling-tech-sector-meetup,1
19089505,The-Audio-Analytic-Tech-Talks,1
21839127,Pitch-Your-Business-Idea-and-Connect-With-Funders,2
19523460,London-Big-Data-Analytics-Meet-up,3
18560283,Paris-AI-Robotics-IoT-Meetup,1
19086620,Madrid-Micropreneurs,1
22103498,London-Python-coding-for-medics,1
19363104,LanZZZ-London,1
19537185,City-of-London-Blockchain-Investors-Meetup-Group,2
19828002,DigitalOceanLondon,1
20397617,Bots-and-Artificial-Intelligence,1
23735592,meetup-group-XErzmxks,1
3356892,opentoronto,1
5756202,Starbucks-Bible-Study-Near-You,1
18623787,FinTech-Toronto,1
1748530,london-silicon-roundabout,4
17761582,Non-Multiplex-Cinemagoers-Group,1
19063005,FranceFintech,1
14538032,London-React-User-Group,1
1459505,TechTorontoOrg,1
1606962,ProductTank,2
23573811,Sports-Analytics-London,2
4558132,HTML5-CodeShow,1
19877173,Football-hyde-park-sunday-Kick-about,1
18259255,Data-for-Good-FR,1
20266297,Tech-Trainers-London,1
12952892,NW-London-Hackers-and-Makers,2
21253758,meetup-group-TFgNDpBD,1
20374846,londonfoundersclub,1
20444479,Toronto-Legal-Hackers,1
19776833,London-PUG,2
23602498,QuantumX-Quantum-Computing-Meetup,3
22109509,Learn-How-To-Make-Money-Online-Internet-Business-London,1
12942662,GraphQL-London,2
20403534,Streamtrade-Forex-Trading-Network,1
19926351,unfolduk,1
24198481,Applied-Data-Engineering-London,3
18562834,3DSLondon,2
19795283,Blockchain-and-Hyperledger-Project-London,1
19066196,AND_Chat,1
24550741,User-Research-Huddle,1
14486872,DataScienceThamesValley,1
1715546,Soiree-Networking-Paris,1
1250653,Toronto_TECH,1
18411979,Financial-Modelling-in-Excel-Meetup-London,1
21085535,RWPT-360-Property-Business-Workshop,1
435552,expat-142,1
18632035,AngularLabs,1
22725988,digital-transformation-in-london,2
5425382,devmeetdesign,1
15596902,Legal-Innovation-Paris,1
21130600,Personal-Branding-Strategies,2
19573010,AHODevOps,1
20378855,BCS-Agile-SG-Fresh-Voices,1
10534252,Front-Endgineers-London,1
19438957,London-CSS-Meetup,1
16323952,Artists-and-Scientists-Get-Together,2
12713192,Deep-Learning-London,6
18406299,The-Bitcoin-Bay,1
20237684,insurtech_fr,1
11281982,KNIME-User-Group-UK,2
16936312,Data-Natives-London,5
18484603,Institute-of-Rhythm-Blues,1
17892732,Apache-Lucene-Solr-London-User-Group,1
4774122,London-Economics-Book-Club,1
18842506,Young-professionals-Reading,1
19103104,London-Algorithms,1
13270402,London-Korean-Drama-Club,1
22908139,Brazilian-Portuguese-Conversation-Intermediate-to-Advanced,1
20770181,Data-Eats-The-World,1
20370822,foodclublondon,1
18554247,International-Food-Lovers-and-Social,1
18959752,Find-Peace-London,1
20211081,FintechCanada,1
19201419,medtechlondon,1
21785997,Excel-Champions,1
21757329,project_euler,5
20871406,London-beginR,1
8672662,londonlinux,2
22030698,London-friends-and-coffee-meetup,1
19086747,London-Python-Project-Nights,1
16051612,launch22,1
16022942,JustSharing,1
18398623,london-wearefintech,3
19738019,c0d1ng,5
16766372,Le-Wagon-Paris-Coding-Station,1
1561841,es-london,1
13854122,London-Microservices-User-Group,2
23717291,London-CBC-construction-blockchain-consortium-Meetup,1
14194092,Elixir-London,1
18775469,Business-Analytics-and-Data-Science,3
19860912,central_london_data_science,6
22868515,Investment-Briefing-for-companies-seeking-equity-investment,1
22062516,Young-Music-Fashion-Design-Tech-Creatives-in-London,1
22662583,How-to-Build-High-Impact-Technology-Science-Companies,1
12710132,code-u,1
4091322,Young-African,2
1813951,Interplanetary,2
13764032,ethereumtoronto,1
21589441,London-Blockchain-Meetup,1
21196227,blockchain-London,4
18281928,Dragonfly-Mandarin,1
4455882,ln-enterprise-tech,3
18578891,Full-Circle-Art-Group,1
23455182,The-Philosophical-Programmer,1
1670392,Mix-Friends-Club,1
1789394,big-data-london,5
20222883,NextTopFintech,1
3063252,legalworkshopslondon,1
18382294,MeetNewPeopleInLondon,1
18695642,Exoticafood,1
19043805,Startup-Events-London,1
18318814,NLU-London,3
22318560,London-Startup-Factory,1
21235170,Black-Future-Film-Making,1
1365477,Black-Londoners,1
17622502,WearableTechLondon,2
19220049,Bromley-Kundalini-Yoga-Meditation-Meetup,1
1312233,Mad-About-Movies-Toronto,1
2727402,GeekChic,1
19690987,futureofdata-london,3
10747372,Heads-Up-London-Wearable-Technology-Forum,1
19069157,TalendLondon,1
23293423,The-Radical-Entrepreneur,1
8611312,London-Virtual-Reality-Developer-Meetup,4
8265202,KhronosUK,2
21075569,Mariannas-Events-London-Nightlife-Social-20s-30s-40s,1
20897273,London-Business-Creativity-Rulebreaking-Meetup,1
2467322,hadoop-users-group-uk,5
1707517,London-Indie-RPG-Meetup-Group,1
19932671,International-Students-in-the-UK-Meetup,1
19499264,From-PhD-to-Startup-Meetup-Edinburgh,1
22077806,Londons-Future-Technology-Leaders-Group,1
12615172,bitmaker,1
19625477,Deep-Learning-Lab,5
20373000,London-Retail-Tech-Meetup,1
19590668,Serverless-London,1
19213837,OpenAI-London,5
1418767,The-London-English-Portuguese-Language-Exchange-Meetup-Group,1
4281872,UXcrunch,1
3034712,AWSUGUK,1
1590803,bellanetworking,1
18550292,Agile-with-UNICOM,1
20274709,uxconnect,1
18399747,Afro-creative,1
20229657,CognitionX-Community,4
10118682,Culture-sortie-expositions-promenade-jeux,1
19609115,1-DayStart-Up,1
10711642,UX-Sketch-Out,2
19099170,Quality-Value-Investing,1
3531972,London-PaaS-User-Group-LOPUG,1
19807781,Expert-Talks-Mobile,1
21149223,London-Design-Play,1
1820201,footballinreading,1
22949420,Croydons-StartUp-Studio,1
18544175,Next-Level-Entrepreneurs,1
5859592,Big-Data-Jobs-in-London,2
10337842,Graduate-Data-Science-Initiative,5
19445299,Open-Space-Agency-Meetups,1
19998260,London-Tech-Ladies,2
21830238,GDPR-Solutions,1
23244343,The-Future-of-Accountancy,1
18616927,Startups-UX-Design,1
20270653,DataScientists,1
14886462,swiftlondon,2
19159547,capoeiraacademyuk,1
20399681,Data-Science-Minds-in-London,1
19160643,Blockchain-Toronto,1
24010678,London-Deep-Learning-Meetup,3
13143622,Pirate-Party-London-Meetups,1
19676744,Live-Music-Barcelona,1
18404940,GDG-Reading-Thames-Valley,1
9680462,London-Startup-Founder-101,3
22263375,Lovers-Of-Black-Theatre,1
1572432,BarCampBankLondon,1
23304120,London-Sketchbook-Festival,1
17815122,ClubStartups-Paris,1
18312787,werinnovation,1
12983892,technopreneurs,6
21651029,Impact-Investor-Club,1
11726422,igdalondon,2
6649432,Nigerianthinkers,1
19349082,Node-js-Meetup-London,2
18638427,IT-Professional-Courses-Java-world,1
2704992,Creative-Digital-Fabricators,2
2545252,London-Code-Dojo,2
435813,londonocc,2
3837542,Startup-Grind-Toronto,1
23199336,AI-Machine-Learning-Enterprise-Applications,5
23459433,African-professional-women,1
23666282,frontenders-valtech,1
4273772,socialdata,3
23170669,Intro-to-R-workshop,3
24295022,SaaS-Enterprise-Software-Meetup,1
5575272,Flying-Solo-Events,1
17124182,Rails-Girls-London,1
21220981,ThebeingAgile,1
19990134,london-nodejs,1
13393172,Cognitive-Toronto,1
19594874,STEM-Talks-at-Kings-College-London,1
18712511,Advanced-Spark-and-TensorFlow-Meetup,2
19951228,VR-AR-Association-London,3
4118122,MobileLearning,1
4107902,London-Android-for-Beginners,1
21567104,meetup-group-artificial-Intelligence,1
20060096,Blockchain-Startups-Toronto,1
20926082,MiSK-Hackathon,1
6410072,3D-Printing-London,3
23207558,London-digital-Make-it-Meetup,1
20881031,Quantum-Reconnection,1
3268672,KanbanCoachingExchangeKCE,1
18568471,Toronto-Machine-Learning-Book-Club,1
19738252,Hyperledger-Toronto,1
16658062,Web-VR,1
18538093,New-York-Cryptoparty-Network,1
12962072,London-NoSQL-and-Big-Data,2
14522002,MeetBlackProfessionalsLondon,1
19944387,datasciencenetworklondon,2
2739822,The-London-Taste-Of-Africa,3
20090519,HackOnWheels,1
886872,London-Monthly-Bulldog,1
20816387,Talend-Meetup,1
19738266,Hyperledger-Paris,1
1988251,businessinlondon,2
21003932,The-Healthcare-Startup-Society,1
8103582,LondonStartupGrind,10
8812192,Weekend-Mandarin,1
18902692,Bioinformatics-London,1
1712070,agileDPML,2
19451559,Blockchain-the-Arts,1
19723945,London-Bitcoin-Altcoin-traders,1
8761002,Internet-of-Things-Paris,1
23947293,Academic-Writing-Workshop,1
18564612,UX-crunch-London,1
19167517,London-SAS-User-Group,1
18919090,Tech-Leaders-Tell-All,1
17915572,Open-IoT-London,1
18599606,Hardware-Club-London,1
22283959,Diversity-Inclusion-in-Technology,1
4382392,Chinese-Painting-and-Calligraphy-Group-in-Central-London,1
18527929,London-Autodidacts-Programming,4
1601210,AdvancedPhotography,1
4263612,interactivenarratives,1
1679039,hoodlums,1
6827872,Free-Meditation-Yoga-London,1
19121859,TensorFlow-London,7
20756164,VR-AR-London-MeetUp-Group,2
18630341,West-Norwood-and-South-London-Social-Meet-up-Group,1
17012422,innovate-london,2
23229047,ukblacktech,3
20113100,Early-Adopters-users-developers,2
1464014,London-Futurists,3
1789647,social-networking-for-artists,1
11370192,opendatascience,1
6151892,LondonArduino,5
20455128,TO-Fintech,1
356058,minibar,1
22322908,Smart-Textile-and-Robotics-Meetup,2
20012816,London-Marketplace-Startups-Meetup,1
19080810,LondonandSEbigdata,1
20508384,Geovation-Hub-Events,1
19881697,London-MMO-Developers,2
19717858,IoTDataViz-London,2
2328291,cofoundersnetwork,1
18525926,Driving-awareness-for-your-startup,1
18532075,London-Adults-with-mild-Autism-Spectrum-Disorder,1
24444200,Self-Confidence-and-Transformation-Through-Public-Speaking,1
1509107,web-folk-of-south-london,2
16462462,London-New-Tech,5
820982,android,2
1582377,magento-london,1
19478264,s9s-Polyglot-Persistence-London,1
1659178,torontoruby,1
20428542,Digital-Business-Forum,1
20143871,London-Data-Visualisation-Group,1
20911872,Enterprise-AI,1
24223489,English-practice-for-newbies,1
19797764,Messaging-Bots-London,2
18904198,CamPUG,1
20885254,Medical-Imaging-Technology,1
1672967,LondonQS,1
2019081,London-PostgreSQL-Meetup-Group,2
1554391,Quantum-Physics-Meetup-Group,1
10071822,WebGL-Workshop-London,1
1011472,EntrepreneursInLondon,5
24437720,Young-Entrepreneurs-Young-Software-Developers,1
4464402,English-Language-Practice-And-Social,1
20113171,VR-cameras-VR-movies-VR-gadgets-for-Virtual-Reality-lovers,3
1761047,SiliconRoundabout,8
1070873,filmind-351,2
16578332,ExoticTravel,1
22980384,Artificially-Intelligent-Interface-Development,2
4720882,The-London-English-conversation-group,1
23126759,Mozilla-Developer-Roadshow-UK-Edition,1
23497350,Women-in-their-30s-who-enjoy-books-with-their-wine,1
19109169,London-Applied-ML-AI-Meetup,5
18532138,People-teaching-kids-to-code-in-London,1
20853057,Internet-Startups,1
20397872,Nicholas-Nassim-Taleb-Society,1
22791986,RecSys-London,3
18849591,London-Quant-Club,4
7524152,Paris-Bitcoin-Meetup,1
3482932,Leeds-Riak,1
18538298,The-London-Startup-Retreat,1
18245435,founderscoders,3
4089662,learnsoftwaredevelopment,3
20926271,CppLondon,3
7470912,js-monthly,1
18594784,Waltham-Forest-Tech,1
19121986,LondonOpen-code,1
21530435,Startup-Explosion-Bust-The-Myths-Live-Your-Dream,2
22323012,fashion-marketing,1
19824454,Long-Now-Toronto,1
1802056,Secret-Dining-Supper-Clubs-in-London,1
21264012,Agriculture-Technology-and-Development-in-Africa,1
1482573,NYC-Apache-Lucene-Solr-Meetup,1
6952782,Affordable-Yoga-in-Paris,1
20434768,UX-Design-Courses-London,1
18138962,LondonCyberTech,2
22286164,IoT-Hardware-Blockchain-Meetup,2
6285142,incubatelondon,1
13500342,African-Business-Entrepreneur-Networking,4
15308632,efjsday,1
6709082,data-science-lab,8
18403165,ReviewdePresse,1
18493278,Internet-of-Everything-London,3
1773541,quant-finance,1
10104672,Black-Singles-in-London,1
19986274,DataViz-London,2
23961443,Amazon-Sellers-London,1
19967844,Workshops-AI-Bots-Machine-Learning,1
20399973,Creative-AI,7
21702502,London-Quantum-Computing-Meetup,2
1361767,52martinis,1
20156264,Black-Girls-Picnic,1
1722217,Toronto-Entrepreneurs,1
6029162,Geckoboard-London,1
20293484,Scala-Central,1
2546322,edmix-com,2
18724718,Bitcoin-Blockchain-Leadership-Forum,1
22392802,Algorithmic-Art,3
19881842,London-Cloudera-User-Group,3
9809782,Paris-Startup-Founder-101,1
8215132,YFood-Tech-Wednesdays,1
10334072,Hardware-Pioneers-London-Hardware-Startups,5
1731903,Cassandra-London,2
17250172,London-Healthcare-and-Medical-technology-innovators,2
18050942,Toronto-Techno-Crypto,1
23746197,Secret-Japanese-Supper-in-London,1
22226816,AI-Disrupting-Sustainability-conference-in-Cambridge,2
19332993,City-Gospel-Choir,1
20213739,Code-Mastery-Meetup,1
20326276,Full-Stack-Quants,3
7522792,London-FREE-Film-Festivals,1
18452801,From-Medicine-London,1
3213192,wpuguk,1
22615945,The-Independent-MarTech-Data-Insight-Experts-Meetup,1
12599182,Future-Thinking-in-Digital-Marketing-Meetup,1
5955472,London-HTML5-Game-Developers,1
1830801,The-London-Django-Meetup-Group,1
10373012,london-entrepreneurs,1
8931222,AnalyticsNetwork,4
20057753,Sport-Tech-Collective,1
16200142,London-Auto-stereoscopic-Glasses-Free-3D-Tech-Meetup,1
21319577,Coding-Days-Learn-to-code,1
19578779,Bayesian-Mixer-London,1
18663324,livemusiclondon,1
495519,torontoelectronicmusic,1
18532256,London-JavaScript-Community,4
18399138,Over-30s-London-Social,1
1679003,Jazz-Blues-and-Friends,1
24409965,old-school-rnb,1
21207025,London-App-Makers,1
14991272,mapping-open-data-to-unlock-new-insights,3
12310442,London-d3js,2
18589612,Tech-Tuesday-London,3
14925742,SWIFT-Developers-London,1
20905903,London-Code-College,1
20324272,Data-Engineering-London,4
23404465,SEO-London-with-Data-Science-and-Machine-Learning,3
2590642,iotlondon,8
17473462,Toronto-Software-Team-Lead-Meetup,1
12447672,Oxford-and-London-Interactive-Fiction-Group,1
6295482,meetmeout,1
18288573,erisltd,1
6514622,Data-Science-Oxford,1
22273983,Toronto-Artificial-Intelligence-Deep-Learning,1
4499392,mobiledev,2
4490912,London-Indie-Game-Developers,4
1382725,20-30SomethingsInToronto,1
19773382,JavaScript-for-Beginners,2
24318967,London-Data-Science-AI-Meetup,3
9426892,London-VR-for-Games-Meetup,3
18989008,LondonLean,1
10917842,Mindbodytalks,1
22179795,London-AWS-and-Big-Data-Meetup,1
1703116,quantifiedself-toronto,1
18851797,data-science-clinic-london,2
1720278,Filmmakers-United,1
22169559,Inspiring-Women-in-Data-Science,3
18560356,Trendwise-Research-London,1
18214876,UK-Computer-Vision-Meetup,3
14770142,IBM-Bluemix-Paris-Meetup,1
16728032,WebPlatform-London,1
11497442,alternativeeventsuk,1
23218147,London-Probability-Theory-Meetup,3
321509,parisrunners,1
19507175,London-Containing-Bioinformatics-Data-Analytics-Meetup,3
18302952,Brixton-Chinese-reading-writing-group,1
19154940,London-Image-Processing-Meetup,2
21061610,Code-For-Democracy,2
20609911,VIRTUAL-NEEDS-REALITY,1
19392494,London-Unreal-Engine-Meetup,2
18509807,London-Product-Club,1
21946352,bot-monetization,1
18679793,From-PhD-to-Startup-Meetup-London,1
20148212,African-History-Media-Watch,1
3185662,IGNITE-Fundraisers-monthly-startup-pitch-events,1
18466812,London-Hack-and-Tell,1
18645674,London-Cognitive-Computing-Meetup,7

